x,y,v,th,gx,gy,gvx,gvy,Value_costs,Policy_costs
0.36298263,0.1999178,0.38315308,1.6010041,-0.8580174,0.3461263,-0.28581142,-0.11175256,2.5837321,1.9700439
-0.0798527,-0.8235626,0.5258999,-2.5302243,0.2767797,-0.37923324,-0.03456192,-0.08822155,1.4727273,1.1413885
0.3661573,0.9993974,0.18976259,0.74041015,-0.81764895,-0.15595521,-0.10560417,-0.39252,4.8832536,3.8547592
0.14271677,0.30927384,0.11232424,2.1216123,0.080244504,-0.34086895,-0.17595811,-0.38120523,2.2995214,1.8401709
0.1958673,0.95951486,0.42475188,1.0508095,-0.42981207,0.75607026,0.34369072,-0.25630116,1.4985646,1.1955554
0.9339211,0.5647752,0.19712579,-1.4352739,-0.15803446,0.8815874,-0.19994001,0.22693935,2.9454546,2.4155772
-0.976053,-0.711413,1.0536319,1.3665031,-0.6017197,0.88986605,0.11043425,0.18020311,2.3770335,1.5020211
0.8245816,0.38353252,0.005765438,-2.9524379,-0.51820254,-0.2354001,0.058293153,0.18861409,2.4545455,1.9937918
-0.3332703,-0.91843855,1.7885427,-1.8336142,-0.8968882,0.69538015,-0.33018753,0.011663342,5.296651,3.4468985
0.06609249,-0.8960177,1.1282058,-1.7129922,-0.18613565,-0.29215458,-0.339308,-0.286306,1.8602871,1.1679125
0.3626485,-0.7153268,0.8826282,-3.0700536,-0.3858807,0.32346055,-0.34301838,0.3938593,3.0229666,2.4995859
0.7322322,-0.29815197,0.7176049,1.2743261,-0.41092953,0.61979616,0.073951915,-0.07839713,2.2995214,1.9606242
-0.86775255,-0.44514155,0.03831339,2.4573665,-0.56385654,0.64113015,0.06255479,0.3135751,2.2478468,1.6897783
0.6733681,-0.89722645,1.7019905,2.759767,-0.4225406,-0.8517865,-0.047539998,-0.3872356,1.5502392,0.95388985
0.68580973,0.043295264,1.5031147,-0.48186585,-0.8448599,-0.63078475,-0.14418721,-0.10968671,4.6507177,3.669074
-0.06279504,0.63625824,0.5394453,2.5594823,-0.61177164,0.5445102,0.21694933,-0.074472904,0.80095696,0.553013
0.7874099,0.25330377,0.073853135,2.414744,-0.1647165,-0.85116994,0.2211997,0.12391658,2.7904308,2.305007
-0.7546096,-0.6718639,1.263552,2.8483384,-0.77433056,0.41614118,0.22111288,-0.016517831,1.8344498,1.1608609
-0.851035,0.53337467,1.7885742,-2.2253108,-0.28254464,0.6483545,-0.37759328,0.28952542,2.738756,2.0784957
-0.5855342,0.047228098,0.12808609,-1.6384151,0.09143661,0.65544164,-0.20240884,-0.26318523,1.6019139,1.2257338
0.74556255,0.009103894,0.77983165,-1.0811603,-0.02301389,-0.7518122,0.26732975,0.21344538,1.5760766,1.2755781
0.72360516,0.39595366,0.94428957,-2.1509116,0.7297972,-0.7597277,0.3544913,-0.19746824,3.2038279,1.9585791
-0.8869879,-0.47929132,1.1213708,1.0623199,0.54455215,0.64999205,-0.26657262,-0.038859367,2.50622,1.8190141
0.9969593,0.8617506,0.6402291,-0.49868682,0.14184916,0.36303633,0.0027394295,0.06942892,2.2995214,1.712559
-0.5656296,-0.9428085,0.27572608,0.20092939,0.21776994,0.6418127,-0.049994804,-0.22815375,2.816268,2.2475908
-0.77299297,-0.20510077,1.9061139,2.6277113,-0.34145033,0.11339575,0.20168272,-0.10620022,2.6095693,1.83973
-0.82186806,-0.024406075,1.5263333,1.9306958,0.079180956,0.005905044,0.2577633,-0.2519116,2.9454546,2.462275
-0.96723676,-0.7632599,1.417379,1.8048985,0.26714018,-0.18565027,-0.2170321,-0.33373538,2.2220097,1.7338319
-0.61606526,-0.22273898,0.94551146,-2.9434822,-0.29603252,-0.3497008,0.30397126,-0.39223123,1.8861244,1.4597063
0.7506993,0.8225635,1.6431764,2.0068455,-0.57905406,0.002081716,-0.15361539,-0.27021787,3.9531102,2.9151807
0.70434225,0.6504811,1.0154707,1.9076928,0.7897832,-0.6892952,0.14054064,-0.39633474,4.9349284,3.7565956
0.0066138506,-0.341722,1.2178645,-1.0848705,0.19164716,0.59228075,-0.014204502,-0.09166775,2.7129188,2.185211
0.21507251,0.3367163,0.51237726,-1.6845263,-0.070781566,-0.8100111,0.3590016,-0.07078872,1.7569379,1.3992281
-0.85020936,0.7393153,1.6216576,-2.4206607,-0.7824719,-0.38119844,0.09348192,-0.36109686,1.6535885,0.93654865
-0.21480298,0.3709817,0.9705379,-1.5849422,-0.6809651,0.5472829,0.14948069,0.11567979,1.44689,1.0667821
0.913977,0.4627508,0.34570956,-2.728398,-0.43850017,0.016782582,-0.32067963,-0.35361487,2.6354067,2.2264102
0.5853071,-0.96466684,0.040293097,1.4811195,-0.6555453,-0.31121135,-0.18881364,-0.12363654,2.6870813,2.1599495
-0.06944978,0.7175466,1.8762184,-0.58176637,-0.028455019,0.76805365,-0.26776814,0.2082849,2.6612442,1.90627
-0.91645133,-0.1742686,0.055944562,-2.4748302,-0.6553553,-0.71066135,-0.02532406,0.18019128,0.93014354,0.59913313
0.9689572,0.8048669,1.2209361,-1.0406218,-0.52700675,0.19146766,0.20821352,0.19789806,3.0229666,2.3787472
-0.79960513,0.9056008,0.8307142,0.17076097,-0.27261338,0.3659224,0.056890823,-0.3309729,1.2660288,0.90968287
0.74124765,-0.0701642,1.8798009,-0.626918,-0.76763326,-0.87237996,-0.17905298,0.0057433606,4.6248803,3.3708487
0.7742914,0.14380419,0.6610633,-0.025593437,0.59836626,0.16343267,-0.08893762,-0.34131408,1.0076555,0.6783463
-0.84391105,-0.30165982,1.1731027,-1.8828769,0.077541806,0.24748173,0.3132665,0.28327012,3.8239236,3.1077967
0.84900105,0.9357374,0.8158239,-1.3069981,-0.8430182,0.07428893,0.17968273,-0.31406018,3.2038279,2.6383138
0.12274277,0.96417,0.7197324,-2.4469051,0.64856404,-0.08615598,0.3635632,-0.056864787,2.3253589,1.9133539
0.29247105,-0.36848044,0.60468054,-2.7522645,0.026715338,-0.392858,0.012650013,-0.14646588,0.54258376,0.1450091
0.9680866,-0.49184835,1.6027015,-1.8086964,0.5573506,0.055487394,-0.36619082,-0.1197834,2.2478468,1.7078805
0.2782011,0.97101164,0.7859911,-0.11810866,-0.7820407,-0.34415874,-0.08192711,0.35667306,3.8239236,3.17986
0.30960822,0.8452436,0.92887855,1.4285908,-0.6973931,0.49020866,0.04854398,-0.23507285,2.8679426,1.9808047
-0.9268416,-0.287261,1.6252996,1.9172776,0.7586598,0.13527323,-0.23059192,0.06606846,3.1779904,2.7464504
0.38985837,-0.047094584,1.8083252,-0.56195116,0.49511516,0.67194396,0.093312025,-0.08617439,2.1444976,1.4271753
-0.0026825666,0.588287,0.12094033,-2.631481,0.41528106,0.7368451,0.28521904,0.20724392,1.6535885,1.3633363
-0.15943217,-0.8896414,0.74186075,-0.36924335,-0.7607002,0.83241904,-0.13705717,0.02526908,4.6248803,3.7848244
-0.27798784,0.97343063,0.2632116,2.5999098,-0.438967,-0.6338067,-0.17838407,0.22988763,3.462201,2.7950783
-0.90903175,0.16933608,0.7319145,-0.30105272,0.6694034,0.4225054,0.020123148,-0.07796054,2.3770335,1.8343824
-0.9019592,-0.34255123,0.4998529,-1.719527,0.047510505,0.6868773,-0.18510966,-0.0649024,3.2555025,2.6407752
0.33301437,-0.20240629,1.651311,-2.3376577,-0.04419465,0.16270055,0.3277065,-0.29041752,1.6535885,1.2476423
-0.8912686,-0.59446764,0.84220874,2.040869,0.3815174,-0.6203388,0.012836218,0.24639444,2.7904308,2.1778772
-0.6401682,0.9515971,1.3013074,2.9859855,-0.8347341,0.3271587,0.021647692,-0.22305642,1.9894737,1.2814348
-0.30544126,0.18505192,0.09327853,-2.9839227,0.35039818,-0.15529796,-0.2497736,0.18205109,1.2918661,0.9927478
0.86348,0.31654036,0.5249008,-2.7967625,0.62034684,0.41737187,0.36529517,0.10890398,0.69760764,0.39935535
-0.9225104,-0.076162815,0.05454564,2.9529557,0.27152762,-0.8195522,0.15500073,0.36634275,3.462201,2.790309
0.09781659,0.31214476,1.2308465,1.8586432,0.7204662,0.24155974,-0.050342657,0.3858944,1.2660288,0.8890508
-0.31550252,0.78717816,0.8694992,-0.45954072,-0.6779883,0.67941695,0.3648223,0.36453158,0.9559809,0.61022
-0.51242113,0.7671956,0.028353333,-0.7584157,0.3081091,-0.17516616,0.28486347,0.18390627,2.5578947,1.9440238
-0.98462856,0.02780366,0.4721682,-2.9949527,0.0132043,0.8146129,0.39451194,-0.38511425,3.7205741,2.838468
-0.7921388,-0.47446704,1.3123065,2.3315966,-0.64266855,-0.18493852,0.31077012,0.10807238,1.1368421,0.8359894
-0.20780969,0.6732992,0.03705156,-0.6414624,-0.8694511,-0.63415,0.092929654,0.3678688,2.3511963,1.9219582
-0.17759597,-0.51310086,0.46216476,0.26903313,0.54050255,0.3922547,-0.15725183,0.21732059,1.8086125,1.4283109
0.030879498,0.34058857,1.7417685,-2.7202835,0.3397919,0.37168023,-0.26118547,-0.2604518,1.7052631,1.2606957
-0.93376124,0.9751226,1.2453555,-1.6857198,0.7035478,-0.3816516,0.1605538,-0.13936587,3.4363637,2.8315282
-0.48425353,-0.8077451,0.46677816,-1.8103869,0.6839455,0.23430264,0.07917199,-0.03232875,3.9789474,3.0008793
-0.2307545,-0.78212154,0.37776268,-1.0728177,-0.7454516,-0.31314662,-0.19892617,-0.04307566,2.0411484,1.5127487
0.28941822,-0.6591909,1.1384326,3.102264,-0.32689852,0.034056116,-0.2870569,-0.055285167,1.3177034,1.018899
0.64023995,0.8363991,1.696765,2.8373785,0.23675579,-0.8777134,-0.25759205,-0.03653126,4.133971,3.2166743
0.39346933,-0.8948355,0.628821,3.1149218,-0.6675789,-0.8436969,0.26756907,0.21495128,1.3952153,0.9211027
-0.7884252,0.70019805,1.1104,-1.8293085,0.07179222,0.52192354,-0.04009366,-0.28122908,1.6019139,1.3025693
0.77937245,0.6916262,0.70354307,-1.675652,0.45909858,0.43376833,0.22135396,-0.06304326,0.62009573,0.3459921
-0.18139887,0.41337228,1.0469817,-2.2407649,-0.31448075,-0.5962026,-0.20338964,-0.25696912,1.4985646,1.2449155
-0.09589851,-0.9795152,0.9946462,-1.9965116,0.3809818,-0.21876268,0.30141187,0.011931992,3.1004786,2.0366936
-0.41347623,0.88341856,0.38685822,1.1518589,-0.31595048,-0.6711626,0.10568934,0.0751606,3.772249,2.9237504
-0.72766733,-0.5861143,0.9263834,-1.6978543,-0.85830545,-0.8778189,0.106467776,0.06304627,0.5167464,0.2204441
-0.14975905,0.39106667,0.058217883,2.0364513,-0.83437437,0.38624817,0.07791996,0.33379635,1.0851675,0.89609694
-0.19888127,-0.856675,1.4356753,-1.85305,0.6011517,-0.567795,0.3926826,0.115591906,3.1263158,2.0255127
0.93955004,-0.66746294,0.01593399,-1.7570503,-0.031809174,-0.2588427,-0.10797148,-0.08405342,2.1444976,1.6583904
-0.049101233,-0.29327798,0.09355438,-2.599723,0.33044857,-0.44979903,0.36038575,-0.31668225,1.5244019,1.0852146
0.8846375,-0.37424886,0.29061913,-0.122377664,0.8237964,-0.05211725,-0.26221648,0.16273856,1.1626794,0.8354814
-0.49200213,-0.8287817,1.7517259,-2.9531984,0.50057274,-0.13394265,0.29045925,0.282752,5.2191386,3.9340763
0.15310502,0.97646725,1.8990808,1.9617779,0.6428948,-0.07610124,0.37437257,0.25291595,4.263158,2.301879
0.792184,-0.9863697,1.9975241,1.3863183,0.7464888,-0.6778483,0.26572734,-0.10916462,1.4210527,0.68174815
0.006231785,-0.64466417,0.43389916,2.753406,-0.29896364,-0.13730496,0.37867314,0.13665247,0.93014354,0.712116
0.9820303,-0.2442398,0.56492245,1.5729517,-0.44447786,-0.42909014,0.060180284,-0.36145195,3.1779904,2.5349774
0.933426,-0.8784872,0.30405843,1.7914091,-0.23840718,0.15532844,0.38109404,0.026071548,2.3253589,1.9229279
-0.8420075,0.5604017,0.0016794205,-1.7085896,-0.8219732,0.16654886,-0.21290866,0.22316995,0.56842107,0.27593714
-0.6093478,-0.05955386,0.4390645,-1.6251156,-0.6427343,-0.82196367,0.31098518,0.22195545,1.0334928,0.8610984
0.45409358,-0.8414662,1.9183183,-2.690802,0.07293967,0.1949526,0.28007826,0.036391497,3.307177,2.5749521
0.5549514,0.21573305,1.4494717,-0.67009383,0.5013175,0.23045969,0.31942326,-0.16677032,0.7751196,0.51613194
-0.27447546,-0.34777987,0.06985092,2.3154857,-0.74155116,0.7804884,-0.014501286,0.3683589,2.3770335,1.7774388
-0.5626495,-0.14909184,0.4120649,1.5087953,-0.7385157,-0.06403313,0.07872176,-0.3636879,0.723445,0.5241651
-0.76858044,-0.9542333,0.66809595,2.6862195,-0.110672235,-0.68536705,0.19693008,0.2083383,2.1444976,1.7282374
-0.25796998,-0.8757565,0.12836397,0.01815348,0.18216716,-0.50380963,0.34135816,-0.09568491,1.0076555,0.71904206
-0.33862686,0.010839105,0.5623112,2.07824,-0.32151693,-0.71875453,-0.13478099,0.1464006,1.7311004,1.2424886
0.6066097,-0.21717882,0.07665956,2.7818446,0.16877489,-0.8499079,-0.31865302,-0.315551,1.9894737,1.5495834
0.78494966,-0.42548347,0.47020173,-1.3236588,-0.12703563,-0.80453074,0.08868785,-0.25103208,1.6535885,1.1510108
0.84500015,0.5276128,1.988351,-0.4575345,0.596996,0.47277826,0.11384153,-0.24381958,1.8602871,1.0506876
0.9123237,0.8204093,0.06632912,-2.3989062,-0.30666563,0.20282768,-0.29102412,-0.16368285,2.7129188,2.3164077
-0.95476913,-0.847191,0.097718716,-2.4203458,-0.58050126,-0.88414466,-0.25345334,0.08272963,0.64593303,0.38921845
0.5731416,0.2280122,1.8224188,-0.004574229,-0.76376706,0.5487058,0.044565488,-0.2225678,5.2191386,3.5284514
-0.22342706,0.9924325,0.8341048,-0.46037215,-0.64038736,-0.098809786,0.35343152,0.27611694,1.7052631,1.1985371
0.43869078,-0.01925695,1.7388868,-2.3035603,-0.16165298,-0.011558496,0.12789813,0.015839005,1.0851675,0.69408023
0.03071642,0.45347822,0.11698878,-2.3524015,0.6032375,0.17319946,-0.24373451,-0.1464325,1.1110048,0.8962135
-0.17962074,0.1663351,0.56002057,1.534662,0.40856242,-0.16908485,0.076933675,-0.18944775,2.1961722,1.648109
0.3301499,0.23680437,0.33847702,-0.22438888,0.39102498,0.02916044,-0.07232809,-0.35100532,0.67177033,0.4641639
-0.6977323,-0.22028232,0.6654599,-2.5947492,-0.60152364,-0.82874036,-0.027517414,0.029506112,0.9559809,0.5727604
-0.5840087,0.7963705,1.6062094,0.86748564,-0.47385675,0.034047425,-0.026402855,0.25886202,2.2736843,1.6798058
0.9940816,0.20573902,1.0214709,0.48028356,0.7963724,0.6919791,0.20940156,0.24261971,0.93014354,0.3299654
0.45106387,-0.98344076,0.58322835,1.5546656,-0.5936858,-0.22165732,0.06583748,0.14965205,2.015311,1.5127857
-0.48016477,-0.013002753,1.9709675,-2.7557101,-0.87038654,-0.87303895,-0.26320836,0.3027061,1.2401915,0.59207606
-0.95472765,-0.5216017,0.34624207,1.4760835,-0.39355516,-0.451026,0.19634323,0.27237412,1.0334928,0.6932298
0.11549246,-0.6482984,0.68153787,0.75420284,-0.82138306,-0.8562958,0.3691723,-0.33093116,2.3770335,1.6001343
-0.21833885,-0.6204088,0.802536,-1.1945183,-0.058076903,-0.10897633,0.2678453,0.27408957,2.0669856,1.6015136
0.10805261,0.29860544,1.525093,-3.0389197,-0.39662457,0.42498744,-0.07960763,-0.1333355,2.9196172,0.94503593
0.25507045,-0.5787629,1.7237287,2.9435635,-0.5894027,0.17945749,-0.11019941,-0.23518816,1.5760766,0.96205056
0.676224,0.7413285,1.8656918,2.0203912,0.38539577,0.40578935,-0.34875074,-0.3906932,2.6354067,1.7116399
0.13299549,0.4486512,0.5462475,-2.2069569,-0.70423615,0.7899369,-0.06783128,-0.12702242,1.5502392,1.2708275
-0.49141288,0.8343054,1.4909439,2.8642216,0.8755747,-0.00864433,0.31383505,0.39167738,5.3224883,3.880815
-0.0460099,0.9761069,1.9414726,2.00538,0.7603337,-0.5768704,-0.38012967,0.27004823,5.0899525,3.7262409
-0.105442286,-0.67390835,1.3840237,-2.8331318,0.31933865,-0.86503965,0.15761518,0.049054813,2.2220097,1.6423624
0.3141781,0.041512847,1.6670697,2.0186522,0.11287561,-0.6866984,0.04688902,-0.13661857,3.2555025,2.5386698
-0.88472676,-0.14590228,1.5915481,-1.5787108,-0.22458479,0.7673044,0.1847858,0.20970488,4.1081343,3.271999
0.5482663,0.10810804,1.2124723,0.5212917,-0.22615066,-0.8082066,0.21420746,0.08170366,3.3330145,2.523525
-0.066931725,0.8453686,0.3542043,-1.7112608,0.40475702,-0.29034355,-0.016487408,-0.19311647,1.9894737,1.5728347
-0.93740284,-0.41072917,1.1448016,-1.8816339,-0.1426256,-0.52034694,-0.2546146,0.26029727,1.7827752,1.3470924
-0.2426306,-0.17066073,0.26795173,-1.6846412,-0.38565046,-0.16412802,-0.2114832,0.03225398,0.62009573,0.38810223
0.9666712,-0.7311975,0.98393023,-2.3086112,0.14664559,0.85325146,-0.23138861,0.37986037,4.857416,3.7842698
0.8785293,0.49561393,0.34713292,1.3026756,0.40351483,0.8828513,-0.041953135,0.075517036,1.0076555,0.51998353
-0.1262815,-0.7508794,1.910705,-0.6377031,0.01420176,-0.8649762,0.15173784,-0.10704122,1.0593301,0.5564646
0.016032815,0.89721024,0.7877029,-1.9845892,-0.50534,-0.20719506,0.072576284,-0.20080237,1.7569379,1.335178
-0.9486841,0.3665129,0.37145925,-2.426445,-0.7731741,-0.7834612,0.08124824,0.16513696,1.7569379,1.19338
-0.9894086,0.030179739,1.5276726,-0.5008432,-0.70469064,0.026791513,0.109976344,0.1416451,0.67177033,0.37549618
-0.9809835,0.20455194,0.2292502,-2.868549,-0.2425823,-0.5616127,-0.20238209,-0.15744177,2.170335,1.5197763
0.38543558,-0.8269564,0.73584116,1.9034091,-0.40757194,-0.12021725,0.3320569,0.02916789,1.44689,0.84804654
-0.97170556,-0.34523702,1.8462873,-2.4791658,0.23576038,-0.4915842,0.33484465,-0.20712057,4.2114835,2.8052154
-0.34011507,0.2024051,0.48922944,-0.9441723,-0.34913433,-0.17318797,-0.33298993,-0.3514638,0.7751196,0.6497158
0.726802,-0.04248953,0.9585159,-0.11603838,-0.33176726,0.77265674,0.024967957,0.3601129,3.9789474,2.9241881
-0.10004556,-0.8187673,0.17896998,-2.8462243,-0.37387943,-0.30358592,-0.28238732,-0.04675975,1.1885167,0.97477514
-0.16632473,0.73305833,1.1222789,2.6335933,0.14831962,0.38532495,-0.063209675,-0.20582514,2.092823,1.5372918
-0.71268415,-0.275792,1.5793073,1.2794868,-0.3520527,-0.37913463,-0.15413533,-0.34060892,2.0669856,1.5279253
-0.17690718,0.30326617,0.2968502,-2.457182,0.31784573,-0.05210255,-0.08015823,-0.20427537,1.2401915,1.0482454
-0.5529585,0.05975139,0.34210348,0.51560295,-0.8576185,0.10209195,-0.3153676,-0.079711914,1.3435407,0.7432579
0.22099113,0.7739886,1.6161073,-1.7907826,0.58495224,0.781865,-0.05820737,0.08780318,1.7052631,1.2854371
-0.3697276,0.7068267,1.2893375,0.8185679,0.86997426,-0.71469796,0.24646692,0.23939843,3.5138757,2.8026588
-0.20549583,-0.9171001,0.5564563,-0.5826771,0.51830554,0.4676852,-0.3382925,0.16405936,3.307177,2.8197951
0.24966478,0.33579934,0.40858495,2.243803,-0.045745503,-0.6828463,-0.29119205,-0.14997292,2.9196172,2.3562727
0.81217194,-0.96912193,1.0398006,3.093581,0.42309624,0.7597846,0.20243625,0.338536,3.384689,2.7853513
0.6130563,0.23837245,1.1967843,0.3483455,0.14794196,0.25266644,0.126686,0.32121688,1.5502392,1.1560199
-0.41737926,0.8730353,1.4505459,2.6804411,0.89675987,0.4868102,0.29331803,-0.23756023,5.1674643,3.7894657
0.25852644,0.9076011,0.67796874,0.7482568,0.8236274,0.18198508,-0.2284433,-0.22846512,2.092823,1.5797949
0.78053343,0.72743607,1.0698107,2.7163343,0.1785745,0.70883703,0.032308485,-0.039687682,0.82679427,0.36907387
-0.98222613,0.24326384,1.7096523,-2.7682748,-0.48850116,-0.49914578,0.035883762,-0.16981255,2.2995214,1.4106334
0.06977224,-0.6879519,0.49680042,1.2492057,0.7112214,0.763852,-0.36746198,-0.27518573,2.2478468,1.8213959
0.6469171,-0.7837559,0.7884289,-2.3366017,-0.110819325,0.4665519,0.077491336,0.09851356,3.4880383,2.7939281
-0.12712729,-0.61571157,1.580288,-1.2421376,0.10747483,-0.66745555,0.31117994,-0.08297954,0.723445,0.44022715
0.7934793,0.2518289,0.0647701,-2.753083,-0.64459026,0.33508664,0.33238593,0.16672054,2.2478468,1.8082111
-0.99412453,-0.8058194,0.29905987,-2.2589176,0.3401542,-0.6504939,0.33983985,-0.21970497,3.6688995,2.7435355
0.4056902,0.026114106,0.23047853,1.7614628,-0.8272071,0.6795566,0.1598681,0.379556,2.3770335,1.7097753
0.2647978,0.015081048,0.8617104,0.08982401,0.59004307,0.4657716,0.25723338,-0.38746428,0.82679427,0.27473775
0.6478487,-0.28823054,0.23949027,-2.686235,0.86827505,0.51142716,-0.07482252,-0.3639072,1.4985646,1.1265178
-0.1909548,-0.95722604,1.5151988,-1.3658088,0.19501182,-0.576754,-0.08694162,0.14242826,2.2478468,1.0945224
0.2782128,-0.77383363,1.7168689,-3.032712,0.89403236,-0.2779706,0.08026514,-0.12828179,3.5655503,2.5428889
0.95113015,0.5381478,0.1676395,0.7993422,-0.06626312,-0.04923302,0.18329902,-0.1400259,2.7904308,2.2378654
-0.8263731,-0.9294251,0.5243465,-1.6855764,0.77791494,-0.2745864,-0.20057765,0.1306519,3.7980862,2.894189
-0.8119589,0.68961656,0.6992055,-1.7644771,-0.04009677,-0.7717676,0.35335943,0.17557316,2.5320575,2.003346
0.5657432,0.07321,1.1678468,-1.6510068,0.6709553,-0.57506216,0.30857563,-0.09854579,0.93014354,0.51966786
0.83283794,-0.07240045,0.9729409,1.6939924,0.8471736,-0.28473043,-0.0028841973,0.17624159,0.85263157,0.5952982
0.005374193,-0.4958582,0.95952475,-0.9388142,-0.49124774,-0.71728694,-0.37930498,-0.23769923,1.7311004,1.098704
-0.044938922,-0.67603314,1.8839953,1.4122795,0.018951522,0.7319714,-0.24256559,0.11516061,2.092823,1.7010124
-0.94271505,-0.07566595,0.018025994,-0.5864241,0.88080424,-0.50455105,0.3780984,0.37714535,3.8239236,3.015778
0.24771881,-0.5770525,1.8008387,-3.0090344,-0.0517897,-0.23835257,-0.070866585,-0.28112793,1.3952153,1.0048376
-0.05434537,0.6297525,0.8305416,-2.384404,0.5104202,0.89103913,0.3431081,0.2997675,2.7904308,1.9838521
0.11481309,-0.5078398,0.86564803,-1.288382,-0.040515516,-0.33983898,0.3935823,-0.0007932186,0.85263157,0.6328844
-0.8737755,0.004651904,1.0610545,-2.401545,-0.7920783,0.78339654,0.30676365,-0.21774511,2.4545455,1.7544051
0.9557457,0.131737,0.25035405,-1.6024995,-0.56023544,-0.100803524,-0.19212233,0.21215062,3.0488038,2.590427
0.21041155,-0.9360404,0.6208736,1.9266938,-0.083438374,0.2624034,-0.02202239,-0.28000164,1.6794258,1.2103851
-0.7896395,-0.63624,0.54118514,2.0860207,-0.08714432,0.83473086,-0.2513298,0.08887744,2.5578947,2.0416992
-0.7054883,-0.75116503,1.2559339,-0.80994374,-0.090832576,-0.6614439,0.007482624,0.003479433,0.87846893,0.43281758
-0.062102675,0.565809,1.4812276,2.3032992,-0.19923674,-0.5000499,-0.35718957,0.18118815,2.816268,2.2301536
0.47905898,0.21501827,1.043788,2.9058735,-0.25336596,-0.5742092,0.27672854,0.115083836,1.8602871,1.5039566
0.14699066,0.59725523,1.3436904,2.521209,-0.025071464,0.11573742,0.0791193,-0.35328197,2.3253589,1.7421515
0.53847635,-0.8381891,1.7793688,0.3098671,-0.08084993,-0.23434256,-0.28503346,0.098505974,3.1521533,2.3992317
-0.9380894,0.30722117,1.1092838,-1.6391405,0.37665725,0.71170545,-0.34343025,-0.338629,2.402871,1.8777466
-0.2817651,0.37548923,1.8047352,-0.0063902135,0.15608965,-0.16104658,0.12212334,0.27471334,1.0593301,0.58167934
0.27687633,0.9353757,1.0015637,1.5229576,0.40269527,0.53942806,0.25658312,0.1848794,1.3177034,0.7314626
0.4299667,-0.77762485,0.52861476,-2.7338884,0.1728307,0.11853497,-0.028813362,0.06528788,2.1961722,1.7281786
0.06479418,0.74637544,0.42410004,-2.5091739,-0.6799821,-0.2563532,0.089068174,-0.26560614,1.9894737,1.5053697
-0.5961431,-0.8601692,0.3897531,-1.2018522,0.8511122,0.13249704,-0.21151271,-0.18590169,3.2038279,2.4187326
0.01787126,0.38825476,1.548022,-2.6953795,0.48053372,-0.17468572,0.17042218,-0.27206975,2.1961722,1.766243
0.37756371,-0.27698028,0.18932617,1.6789907,-0.4303982,-0.8964324,0.17069583,-0.36120468,2.738756,1.8928862
0.5871223,-0.19725764,1.3926003,1.0502743,-0.6774999,-0.26198733,0.013175154,-0.130294,3.462201,2.8535585
-0.86991286,0.877404,0.16023839,-1.5029064,0.30427334,-0.5007038,0.04714055,0.06442628,3.1521533,2.6179748
-0.85497034,0.26845694,0.2502246,2.7267947,0.25123274,0.38717,-0.39525744,-0.35692245,2.170335,1.6935034
-0.94677615,-0.8656995,1.1491557,1.5336947,0.87322617,-0.8770321,0.13235846,0.30113372,3.3330145,2.7872624
-0.57984746,0.025903583,1.4623126,2.968428,0.004515767,-0.30532303,-0.2987276,0.20935507,2.2478468,1.696811
0.20974958,0.69429004,1.5360434,2.754931,-0.58950317,-0.22043401,0.36602876,0.1211422,2.2220097,1.7140483
-0.8680984,0.5315565,1.5529743,2.8509595,0.3461264,0.053826675,-0.13652058,0.011324644,4.263158,2.9970179
0.18655753,0.6916584,0.9656018,1.4142491,0.6576986,0.023146283,0.16979575,0.11950922,2.1444976,1.602112
0.99029636,-0.4267553,1.4474261,-0.63036764,0.55703396,0.68980074,-0.20661664,0.2417256,4.418182,3.2594137
-0.87010884,0.87317944,0.26358008,-3.0175736,0.3393491,0.11296992,0.234965,0.29670864,3.694737,2.9498026
0.63125217,0.85255575,0.5065261,0.208445,-0.13141139,0.08506057,0.056137085,0.24968152,2.4545455,1.9420626
-0.06791663,-0.87594855,0.77461815,-0.4371441,-0.18221039,-0.40620154,0.17807232,-0.012239409,1.1626794,0.8509072
0.18710804,0.6575147,1.4560627,-1.2640448,-0.07709227,0.31982562,0.058841612,-0.331779,0.723445,0.5276942
0.35466528,0.967353,0.21058881,0.7181592,0.1288088,-0.11161143,0.3343451,-0.05081434,2.5320575,2.029317
0.11733866,0.544755,1.9577376,0.9899326,0.613448,0.49218994,0.03495116,0.15906945,1.0593301,0.7081087
0.040885687,0.36912954,0.61328554,2.4613562,-0.855328,-0.47418085,-0.32369065,0.3110262,2.2220097,1.8266472
0.92293715,0.65382195,1.8862176,0.46720615,-0.16060263,-0.023340153,0.32277843,-0.26501295,4.366507,2.9716744
0.9008094,-0.9639555,0.96678436,0.15633833,-0.54938,0.25910515,0.21832423,-0.1030673,4.263158,3.2857018
0.9652455,-0.09854877,1.9284152,-2.962566,0.8924344,0.6364438,-0.19679384,0.13334036,2.4545455,1.484587
0.6088085,0.7808938,1.0348861,-0.23967776,0.56393915,-0.28679475,-0.27023292,0.2591618,1.8344498,1.3113416
0.2418251,-0.5046568,1.5416086,-2.1487513,0.6215719,-0.8903627,-0.11841955,-0.2479857,0.90430623,0.5107765
-0.84281874,-0.9135623,1.3084661,1.6194748,-0.72793543,-0.79307413,0.3088196,-0.26627237,1.2401915,0.82031035
0.092989564,0.36163712,0.5060115,1.5318784,0.71659833,-0.35412055,0.021757318,-0.30563617,2.8679426,2.3516939
-0.1531856,0.6756443,1.2800585,2.3110814,-0.7480688,0.19662662,-0.17174879,-0.15664168,1.9119618,1.4764092
-0.8937361,-0.0033800602,1.3582032,-3.0690503,0.44815013,-0.32768902,0.27780786,0.31326237,4.831579,3.373208
-0.7317698,0.7329289,0.36331332,2.4832697,-0.76026577,-0.41697362,0.31759825,-0.036646653,3.0746412,2.3875253
0.56221926,0.1491772,1.3166364,0.64791065,-0.86228746,0.05580604,0.16430731,-0.24682812,4.133971,3.3569179
0.18883228,0.4881071,0.7184024,-2.584136,0.3501026,0.44665796,0.3035557,0.102012776,1.2660288,0.9506178
0.88757014,-0.33987558,1.4820902,-0.14530873,-0.40239078,-0.718747,-0.29955745,0.393607,4.754067,3.2676454
-0.9098978,-0.032638192,1.5541937,-2.455694,0.74917465,0.18548183,-0.21780477,0.14136577,4.7282295,3.6390755
-0.5997448,0.9705559,1.8306353,-1.9717803,-0.57005405,0.75296694,-0.22049299,0.26883155,1.6277512,0.7380222
0.5415292,0.041602492,1.9282813,-0.24335992,0.02240138,0.6478364,0.13555694,0.20429774,3.1521533,1.8575535
0.24961805,-0.50034404,0.5046375,-1.5640216,-0.3758483,0.020411288,0.30145937,0.33293924,2.738756,1.8737586
0.27331376,0.72489464,1.938363,1.9257605,0.11732336,0.77696353,-0.12567616,-0.2801664,1.9377991,1.153878
-0.06919825,-0.8136021,1.5642539,-2.257368,-0.27201784,0.7293517,-0.096664146,0.08005085,4.676555,3.5788789
-0.29281008,-0.7520087,1.7502494,0.1911394,-0.013269424,0.6666514,0.22625132,-0.25597897,2.2220097,1.6678438
-0.9465214,0.95199096,1.6961747,0.34309825,-0.21932594,0.43730468,-0.033665895,0.05434065,1.214354,0.75698113
-0.7779398,0.26691067,0.71062064,1.2420492,-0.07547017,-0.6609492,-0.009123611,0.14122057,2.5578947,2.1764503
-0.5990325,-0.9238949,1.94161,-2.900756,0.035644196,-0.6336679,0.112172656,0.2804368,3.9014354,2.4361086
-0.9971869,-0.7023349,1.1469762,-0.6352115,-0.69291335,-0.42212743,-0.13783617,0.1771966,1.214354,0.9705161
-0.22995818,-0.34592974,0.20809269,-2.4570696,0.31626418,0.5097931,0.18570414,0.09354806,2.89378,2.3250751
0.4702121,-0.23374927,1.8578793,-2.7748456,0.3188345,0.19975011,-0.08443218,0.040174246,2.2736843,1.7976501
-0.907308,0.50101244,0.114949584,0.37983027,-0.7938727,-0.20713326,-0.25744104,0.31092864,1.214354,0.86496854
0.7358085,-0.2566465,1.2803949,-0.5174107,-0.014953959,-0.49535164,-0.0092532635,-0.1877902,2.3511963,1.737402
0.6641544,0.89177704,1.807691,2.4985695,-0.5992054,-0.8643916,-0.22383909,0.049117137,4.7282295,3.8015232
0.8760239,-0.13374257,0.2691692,2.4579208,-0.69830936,-0.7949596,-0.2649381,-0.30527002,3.6688995,2.9940789
-0.2063812,-0.9907447,0.05675471,1.6165091,0.26754478,0.39757675,0.08996649,0.3252313,2.9196172,2.4073124
0.040786386,0.32081413,1.8353543,2.6046126,0.80335236,0.22438973,0.11926746,0.35577226,3.1779904,2.2927027
-0.68844414,0.8521025,0.841014,0.3186437,-0.3760283,0.6972486,-0.050699998,-0.14206801,0.59425837,0.39259124
-0.8350941,0.057261705,1.9509792,-0.92112213,-0.41315943,0.82867545,-0.28472248,-0.09804487,3.384689,2.6361933
0.8768238,-0.09735274,1.7753733,2.4495664,0.12714829,0.6009275,-0.30097222,0.07027417,1.3952153,0.95928466
-0.83960223,-0.7932402,1.9961599,-3.0062656,0.012964403,0.34646478,-0.32111225,0.24129735,4.805742,3.293674
-0.7900251,-0.79889643,0.06991732,-1.4097688,0.6758412,0.27705,0.32020885,-0.34711456,3.9531102,2.9113827
-0.15440965,-0.22304177,1.5552645,-1.864554,-0.320663,-0.8882468,0.020228578,-0.27347013,1.0334928,0.45259297
0.2685722,-0.78677416,1.9412178,-0.094938286,-0.205438,0.80494165,-0.14036976,0.3680698,4.7282295,3.5648127
0.8900151,-0.2909795,0.8231175,2.77649,-0.7795088,-0.050198507,-0.008437824,0.21776167,2.50622,2.173176
0.9270719,-0.15981793,1.0727848,0.7214227,-0.39928767,-0.65472645,0.2837759,-0.18958092,3.8497608,2.9414287
-0.19728291,-0.97244084,1.6932396,-1.6164638,-0.24322926,-0.18322738,-0.33325306,0.30540773,3.772249,2.234097
0.78616667,-0.74041915,1.2143012,0.17235225,0.18791051,-0.8327676,-0.3489432,0.04955249,2.971292,2.17941
-0.37440646,0.036961436,1.7200433,0.9513891,-0.7512165,0.587113,-0.18507314,-0.15832105,1.6019139,1.2099497
-0.4192251,-0.7305347,0.5184505,0.11542344,-0.15178299,0.46274745,-0.353149,-0.12990747,3.1779904,2.334899
-0.7692952,-0.6272031,0.3588637,-1.8674104,0.542283,0.48319703,-0.025052357,0.17057315,4.4956937,3.632725
0.3852563,-0.7898233,1.1665574,-1.7463592,-0.012259412,-0.8102521,-0.13472076,-0.23049985,0.7492823,0.29505318
-0.7011951,-0.15542579,0.10423243,-2.1587746,-0.56247497,-0.3682293,-0.27239606,-0.149783,0.46507177,0.19183819
-0.87255013,0.063397884,0.026563406,2.6626565,0.12209909,0.41599151,0.2367611,-0.31078526,2.7904308,2.2622669
-0.8249687,0.91816795,0.3118018,3.072235,0.33889645,-0.34638155,-0.32228994,0.14162531,3.7464116,2.8827767
0.28601837,0.9478326,1.2136686,-1.9067284,0.62417,-0.17611277,0.23448764,0.071946576,1.6277512,1.2526448
-0.76268446,0.5670588,0.44936848,-1.5246916,-0.7716938,-0.64223593,-0.0009971618,0.12915531,1.9377991,1.3227446
0.62763333,-0.14671099,0.19881475,1.71125,-0.46031404,0.82016844,-0.30899057,-0.36608243,2.480383,2.0100203
0.89116895,-0.024865508,0.8976079,-2.0696046,0.51106507,-0.65321463,-0.139401,-0.32852155,1.0593301,0.602061
-0.1626283,-0.9249325,1.7784644,-2.000652,-0.28292036,0.49984133,0.33809543,0.07877507,4.831579,3.526187
0.7822596,0.5136533,0.61773753,-0.64277166,-0.6180673,-0.19681942,-0.050192833,0.17303339,3.5655503,2.8526578
-0.06350684,-0.23480654,1.4825778,-0.7396795,0.39764884,-0.88861036,0.07647639,0.21376343,4.0564594,0.66813976
-0.26958895,-0.08218765,0.2684555,-2.98684,0.45545626,-0.86947244,-0.26145196,-0.35547242,2.3770335,1.9060692
0.8446214,0.3172239,0.5661843,1.3485062,-0.06572185,0.49930072,-0.07899966,0.2076396,1.7311004,1.1790473
0.70579386,0.9834353,0.034254313,-2.4278247,0.5955666,-0.77975893,0.019221926,-0.14413224,3.384689,2.7950304
0.29837346,0.82770514,0.55503297,1.3256305,-0.18321118,0.47247005,-0.39778104,-0.3930795,2.6354067,1.9492373
0.338632,0.7031493,0.14100885,2.8276381,-0.15561469,0.47607234,0.2642069,0.286472,1.0076555,0.46095347
-0.6168343,0.7310072,0.05668819,-3.1184692,-0.20274474,-0.11675623,0.20216823,-0.26874375,2.5578947,2.1208172
-0.83670163,0.26642263,1.4183445,-1.3854254,0.54828876,-0.7764071,-0.016510868,-0.062333394,2.4545455,2.0018032
-0.60641766,0.8238559,1.6315812,-2.1622646,0.09578018,0.51294523,0.061809063,-0.36493984,2.2478468,1.6654007
0.12651646,0.36389112,0.31589293,2.929382,0.1755244,0.12754783,0.3628993,0.35406882,0.90430623,0.67930555
-0.35566437,-0.89454794,0.06687534,-2.384829,-0.3080678,-0.5618276,-0.02405758,0.018751001,0.87846893,0.63795316
-0.9454174,-0.78071296,1.0481944,2.5828311,0.7973481,0.63357466,0.07097359,0.29757515,5.141627,4.0310507
-0.059841752,-0.98971057,0.30120277,-2.804016,0.46569157,0.36318856,-0.37654424,0.3567794,3.9531102,3.138515
0.6434828,0.25083506,0.82710505,0.4304876,-0.25717276,0.050621867,-0.26091704,0.05288711,3.1779904,2.4936838
-0.86807084,0.40181828,0.17049766,-2.8985505,-0.28858927,-0.7656421,-0.017254544,-0.28655908,2.89378,2.0339143
-0.89152503,0.77011573,1.0198164,-0.21069804,-0.79991484,0.32169953,0.37373802,0.28093013,0.64593303,0.48127246
-0.5161177,0.96588874,0.28358102,-1.028421,-0.53336114,-0.4778132,0.37666288,0.032841872,2.3253589,1.921489
0.31741583,0.92247415,1.9090095,-1.6081654,0.26568308,0.5092996,-0.30327922,0.2839745,3.0488038,0.9157679
-0.81342685,-0.8465084,1.7921944,-1.7344601,0.12667021,0.38018477,0.1613814,-0.062990144,4.7282295,3.201184
0.21000874,0.91469884,1.9724306,0.6545645,0.3070933,0.58707213,0.15293026,0.31880566,1.5502392,1.0541958
0.3450923,0.123104334,0.40736723,-0.46374983,0.49496603,0.32056108,0.18723837,-0.39298853,0.41339713,0.19119781
0.6571406,0.88254917,0.51555836,-1.9927684,-0.77404976,-0.4519859,-0.23989879,0.36707178,3.1521533,2.4886284
0.27014625,-0.013011813,1.4858221,-0.44646445,0.73999465,-0.13142921,-0.21355963,-0.21534944,0.69760764,0.35801876
0.08342481,-0.670035,0.04804218,1.2398643,0.44039595,0.6043253,0.071642734,0.22432838,2.480383,1.9745219
-0.86422884,-0.8965453,1.5495981,0.117895566,-0.5681282,-0.2719601,0.21497798,-0.11295638,0.9818182,0.7468281
0.30811715,-0.26340294,0.25369358,-0.36427814,-0.45957804,0.7759332,-0.36889416,0.33053133,4.082297,3.1455984
0.021277308,0.8816234,1.1128293,3.0417664,-0.18369494,0.46311137,0.08380099,-0.14489913,1.3435407,0.94409
0.02154851,-0.8847747,0.975183,-2.8397577,-0.4906364,-0.37607047,-0.34173974,-0.24727808,1.1368421,0.7531638
-0.90213275,0.39181662,0.69684124,3.1288013,0.29990304,-0.8756478,0.21853872,-0.25222644,5.3224883,3.8333342
-0.73015106,-0.9850347,0.6987957,0.38448766,0.09969588,0.81557393,0.26086137,-0.038277388,3.2038279,2.6888506
-0.8684249,-0.19194353,0.5056915,0.56463605,-0.021389436,0.2715638,-0.380259,-0.37478825,1.2918661,0.67526174
0.25036156,-0.59573483,0.51183116,-2.2249532,0.7656197,0.5311569,0.2474966,0.37893072,4.185646,3.2669725
0.7614219,-0.7803719,0.819286,-0.47943905,0.004813707,-0.31519377,0.21471988,0.035835933,2.3511963,1.7875929
-0.56017077,-0.14698386,0.20728981,-1.8120748,-0.5181136,-0.106692694,-0.3680736,0.01085639,0.4909091,0.14046675
-0.68403816,-0.71736073,0.8440925,-0.12963337,0.8831839,-0.04317112,-0.0035385133,0.06653948,2.5837321,2.0899777
0.5758505,0.9156567,0.3553623,-2.1117685,0.7611711,0.728672,-0.16391759,0.11259661,0.41339713,0.21161243
0.123636246,0.7326188,0.15597439,-2.4382668,-0.40762344,-0.054325137,-0.29482308,0.10868154,1.5502392,1.2344795
-0.88375187,-0.5244554,1.2941235,-1.030886,0.48650506,0.6080084,0.095973305,0.01613679,3.6688995,2.9689841
-0.9065075,-0.8644811,0.02969122,-0.34101075,-0.23547412,-0.27395955,0.21941876,-0.15353088,1.5502392,1.1928763
-0.7271935,-0.13107848,1.4974526,-2.2260733,-0.8747125,-0.23181528,0.29911676,-0.06380134,1.0334928,0.72323
-0.6816046,-0.1847068,0.17679,2.4355383,0.5105075,-0.6416246,0.07640052,-0.12684913,3.4105263,2.684881
0.28129983,0.39175308,0.18982029,2.5938635,0.05008757,-0.22396852,0.36041385,0.22450343,1.2660288,0.94953346
-0.3956746,-0.11677289,0.6571388,-0.15115966,-0.64643073,-0.6344814,-0.38793182,0.12687574,1.7827752,1.329882
-0.91456914,0.068069816,0.029528022,0.09105465,-0.5782214,0.323118,-0.17282496,0.32542378,0.7751196,0.5692067
-0.8243371,-0.1456635,0.23152626,1.5523796,0.27529046,-0.86339617,-0.3041037,-0.08890195,2.7645934,2.1485322
-0.017718196,-0.48276377,0.86708367,-3.097683,0.26542047,0.6521924,0.24625568,-0.082124665,3.2038279,2.4371657
-0.29668295,0.19620669,1.6803242,-2.647221,-0.505071,-0.69116026,-0.23606525,-0.20430136,1.2918661,0.733201
0.1426444,-0.22639775,0.15118301,-2.576277,0.16233726,0.44903353,0.09312286,0.08771711,1.8086125,1.4744575
0.47430432,-0.9384434,0.87407744,-2.9128914,0.23407917,0.4407321,0.10345798,-0.3571287,2.6612442,2.0555665
0.7894207,0.36106813,0.36528146,1.5959445,-0.010001099,-0.23158203,0.3294766,-0.35493398,2.6095693,2.1152039
0.7448336,-0.9661726,0.98793364,-1.898799,0.26956287,0.78498966,-0.27629003,0.29985818,5.3224883,3.9366786
-0.15007496,-0.3235035,0.13965881,1.9663327,-0.09934601,-0.44570878,-0.04477501,0.21894789,0.3617225,0.09882847
0.76303506,-0.056286335,0.6119925,-0.76735216,-0.23857176,-0.11635058,0.16692963,-0.23574463,2.1186602,1.7474067
-0.6612252,-0.72730374,1.3594537,-0.8368562,0.31484124,0.814739,0.15580593,0.2929298,4.4440193,3.6149435
0.51840127,-0.91076195,1.9715934,0.7956593,-0.65024406,0.45562276,0.12844615,-0.26429114,3.1263158,2.6972678
-0.6677995,-0.985049,0.4965397,-1.176537,-0.85649645,-0.28967544,-0.18379875,0.28629598,2.5837321,1.9066405
-0.8694223,0.37737632,0.2783743,1.6588366,0.64832133,-0.6380401,0.177417,-0.29384422,4.831579,4.088637
-0.06482887,-0.7347269,1.0590515,2.1505265,-0.29797593,0.25703415,-0.09487452,-0.14002495,1.3435407,1.0361984
-0.39692736,-0.10716581,0.47153223,-1.7066537,0.43802756,0.098457664,0.06607538,0.13614058,2.0669856,1.6359481
-0.24374878,0.19989777,1.115185,0.81099385,-0.69673747,-0.04538791,-0.21172614,-0.39430887,2.816268,2.1415377
0.163921,-0.18049729,0.9317665,-2.0559268,-0.24753216,-0.16817515,0.07903776,0.30656353,1.1368421,0.8248898
-0.9624729,0.5823474,1.3635426,0.6602001,0.7249189,-0.1350917,0.17538309,-0.3090894,3.0488038,2.504703
-0.24781883,-0.3619268,1.4537712,-1.1560122,0.31609276,0.10153513,0.2894623,-0.11991759,1.7569379,1.4574546
-0.84675634,-0.6294031,0.58033466,2.775921,0.35915056,-0.42133704,-0.19190831,-0.31254745,2.89378,2.2725368
-0.9736253,0.706916,0.09733522,2.8275573,-0.5039454,0.38040107,-0.124534704,0.22439003,1.1110048,0.82563245
-0.18237269,0.4401828,1.3791562,-0.5173983,-0.65223664,0.75808173,-0.07425471,0.08796044,2.7129188,2.0900617
-0.96217537,0.8258306,1.5460134,1.503612,0.41285482,-0.1812419,0.019086028,0.11577167,4.133971,3.1647656
0.87125146,-0.114574194,0.17133665,1.2347273,0.14922588,0.7829651,-0.10694986,-0.39434505,1.7827752,1.4649415
0.2310524,0.8716061,0.55239224,2.41599,-0.12206432,-0.31847143,-0.19536458,-0.21463071,3.384689,2.6379943
-0.3627925,-0.10132861,1.9892529,-2.6095355,-0.22585744,0.7863372,0.15452123,0.070030786,4.185646,2.8211648
0.9469435,-0.2843176,1.0804242,2.301579,-0.045518372,-0.62085253,0.0693924,-0.19325852,1.8602871,1.4954629
0.85061264,0.88890374,1.7366761,2.4793863,-0.32287937,0.50668216,0.0024439811,-0.10792871,1.8344498,1.2596111
0.22353375,0.8776659,1.5724273,-2.4854836,-0.54173183,0.23460756,-0.10173073,0.22649841,1.2918661,0.98988783
-0.2813183,0.69122815,0.8292022,1.8090922,-0.21942529,-0.14990833,-0.30659533,-0.0060593127,2.5578947,1.9834744
-0.941713,-0.40834212,1.4138938,-1.1401151,-0.85653824,-0.17196585,0.25800395,-0.16448255,1.0593301,0.7999279
-0.08695626,0.5157162,1.4289635,-1.6097181,-0.12622003,-0.14059271,-0.22150822,0.35073447,2.092823,0.33077335
0.9863428,-0.48143804,0.29584002,-0.24702859,0.77867305,-0.6126945,-0.38846517,-0.19914389,1.3177034,0.9346596
-0.8538904,-0.31517673,0.14318371,-2.293304,0.8749903,-0.58351284,-0.10084672,-0.014031887,3.7980862,3.1236744
0.6880566,-0.86055386,1.3065363,-0.38677663,0.69889,0.16175039,-0.29934174,-0.25898996,2.5578947,1.6901786
0.1132679,0.83098185,0.1425122,2.0158863,0.049985003,-0.17419724,0.11179695,0.20735244,2.1186602,1.628767
-0.92597246,-0.75354743,0.7673371,0.4894923,-0.57386684,0.46801114,0.26958677,-0.101528645,1.8861244,1.4395461
-0.5747163,0.16619825,1.6537505,-1.887348,-0.8245556,0.365521,0.29919273,0.36159983,2.6354067,1.927146
-0.87374246,0.41668117,1.400765,-2.147362,0.8275345,0.15007593,0.24566317,0.3708139,4.676555,3.7267928
0.124474645,-0.92050934,0.65577614,0.6536859,-0.4021023,-0.5817085,0.10592041,-0.11577787,1.2918661,0.87740415
0.6759087,0.7671783,1.745441,-1.3670758,-0.2902132,-0.6959434,0.2768099,0.22739354,2.89378,2.1858535
0.82020843,-0.75575435,1.0664743,0.42489508,0.18845361,-0.19648832,-0.21973029,-0.3703423,2.480383,1.8736538
0.03975141,-0.44103086,1.0701653,2.7103505,0.05134295,-0.61128217,-0.26646948,0.16144633,0.56842107,0.24365216
0.19751644,0.74998415,0.3827529,0.7147961,-0.72939324,0.64437133,-0.10106506,0.09603538,2.4545455,1.7850747
0.018277407,-0.8490447,1.9613281,1.217522,-0.035288323,-0.47503453,0.24775214,0.23694792,0.80095696,0.56856346
-0.958506,0.3477788,0.54231024,2.3191504,0.029765867,0.58232206,-0.3430216,0.3611926,1.8086125,1.1329569
0.5859091,-0.1385628,0.18628037,1.2513142,0.55157286,-0.66640854,0.27188435,-0.017975092,1.3435407,0.9935101
-0.12681484,-0.34973252,1.0603532,0.115604706,-0.6386113,0.6767745,-0.11142912,-0.36112413,2.5320575,2.1076407
0.7364925,-0.3701322,1.2284882,1.7873958,0.52684313,-0.029184364,0.19330588,0.2780563,0.64593303,0.23823676
-0.8204963,-0.044440627,1.2944639,1.9880164,0.004002821,0.19770509,0.31094906,-0.3802789,2.6612442,2.2232056
0.10105181,0.24647343,0.19457388,2.0384388,0.65479803,-0.3712909,0.19116683,0.3872117,1.8602871,1.5092299
0.7592213,-0.5221621,0.04404497,-2.8010416,-0.22744553,-0.88795847,-0.23116092,-0.3905776,2.738756,2.255328
0.88375425,0.5807649,1.6628069,1.3407221,0.49276727,0.32662374,-0.33226523,0.24175072,1.9636364,1.2472433
0.34124088,-0.021365404,0.95837474,2.1084065,0.15415524,0.48206085,-0.17727299,-0.1933641,0.7492823,0.4717496
-0.5277537,0.06752014,0.5891155,-0.4320448,0.5040214,-0.44870007,0.24267426,-0.048558332,1.7827752,1.4315634
0.024137259,-0.64894164,0.6484262,-1.3842518,-0.41455427,-0.46702257,0.23346983,-0.37769848,0.723445,0.3069569
-0.68440413,-0.7364949,0.4525864,-2.0047793,0.8738793,-0.6521743,0.015459299,0.10940075,3.617225,2.724844
0.81937253,-0.7770796,0.6615088,-0.26766843,0.2528898,0.03881532,0.21120854,-0.20640016,2.0669856,1.4812424
0.08142507,-0.657387,0.36851287,2.3425019,-0.24032614,0.8522698,0.17323743,-0.39368415,2.1961722,1.8071706
0.83518434,0.37342322,0.4897033,-0.8668658,0.62767285,0.7243574,-0.25444555,-0.16535102,1.2918661,0.9628674
-0.57670236,0.8396759,1.1216465,2.4979045,0.7349173,0.46528623,-0.3771882,-0.20421743,3.617225,2.661992
-0.97843564,0.46468496,0.29360867,1.9054854,-0.6379963,0.040399645,-0.1497777,0.0136055,1.2918661,0.983038
-0.65428805,0.13105011,1.56535,2.4505768,0.73720855,-0.6566526,-0.09625673,0.112158395,4.909091,3.9156938
0.16593921,0.5361514,0.89346504,1.8125272,-0.40045518,0.09722289,0.16144276,-0.31810436,2.2736843,1.7355778
-0.7104137,-0.21833622,1.2474626,-1.8883218,0.4637992,0.011297035,0.19348936,0.36499292,3.7205741,3.1278195
0.70916426,0.687549,1.7965127,-1.3862491,0.3707727,0.6061791,0.2426054,0.2042294,3.9531102,2.1969945
0.92536426,0.8496959,0.74619794,-3.0160427,-0.031608332,0.6974608,-0.25575405,-0.19350767,1.44689,0.8235529
-0.6708249,0.19106555,1.6697749,2.7946386,0.74969447,-0.11655711,0.0027621747,0.30048653,4.7023926,3.6101623
-0.5977714,-0.7819798,1.8867612,-1.8665247,-0.6274486,0.060039103,0.39967236,-0.35715207,3.1263158,1.8346016
0.7826948,0.27545846,0.05094385,-0.25115266,-0.785166,-0.8165318,-0.29432294,0.049613763,4.9349284,3.8717093
0.47548366,0.7607925,1.7079545,1.7817308,0.222555,0.42022908,-0.13924332,-0.28846216,2.6612442,1.5923271
0.65722585,-0.7311642,1.1206846,-0.9102165,-0.09943281,-0.7321924,-0.16249362,0.27546978,2.7129188,1.9293494
-0.9265847,0.9748,1.3806311,-0.1958286,0.35382563,0.20587273,0.03793464,-0.21910515,2.092823,1.5898193
0.966846,0.60200346,1.6159997,-1.6933463,-0.3506897,-0.23685654,-0.33879468,-0.22430997,2.3511963,1.863869
-0.23040998,-0.68327415,0.8711294,1.0759093,-0.55014426,-0.22302514,-0.3050952,0.1470108,1.0851675,0.67386377
-0.17069459,-0.74171495,0.7150017,0.9106884,0.3612799,0.6041168,0.12912217,-0.033343792,2.1444976,1.6869755
-0.9078008,-0.8015139,1.34096,1.710908,0.077394605,-0.21516745,-0.094523005,-0.31444627,1.7569379,1.4598739
0.3732493,0.9099487,1.9376717,1.6121243,0.17245166,-0.6443935,-0.3549706,0.09095307,5.141627,3.1605213
-0.7928777,-0.69881153,1.811195,-2.6474798,-0.45022067,-0.2379747,0.006180525,-0.39792857,2.5578947,1.413547
0.25935137,-0.6011609,1.0710112,-1.1992644,-0.43325698,0.44595554,0.27621394,0.12761131,4.2373204,3.1411705
0.7280748,-0.02842927,1.9536692,0.7729788,-0.22854792,0.5220818,0.23936568,-0.32268935,2.7645934,2.1081042
-0.33924878,0.98565066,0.4339242,1.3709291,0.032542277,0.3196442,-0.26477224,0.3915529,1.2401915,0.77990377
-0.9558011,-0.124886274,1.931859,2.3354578,0.3550046,0.12432832,-0.2643074,-0.14502369,3.539713,2.6396036
-0.011578202,0.8891007,1.7538164,-1.5053134,-0.15591413,0.74452156,0.2563017,0.22468758,1.6794258,1.2544134
0.98661053,0.6804354,0.33308256,-0.07055975,-0.36364037,0.44829753,-0.3567864,-0.31368336,4.263158,3.3082943
-0.8592726,-0.39609945,0.92044055,-2.8459322,0.64163804,0.04035169,-0.12458267,0.3353891,4.521531,3.4810226
0.50561476,0.042464614,0.30834842,-0.69663405,0.82614994,-0.7476261,-0.25884014,-0.3699709,1.44689,1.0424949
-0.67773306,-0.890916,1.4620681,3.07623,0.34085158,-0.20456833,0.09839916,0.3590171,3.9789474,3.0363173
0.9182652,-0.29587197,0.41767812,0.16930752,0.45690495,0.03743634,0.33566245,-0.07094579,0.9559809,0.55335706
0.31982183,-0.33274198,0.18038237,3.1150846,-0.14594124,-0.76060504,0.004853821,-0.22489738,3.6688995,1.371138
-0.09516907,0.39564562,0.42086208,-2.3258204,0.80021846,0.6194963,-0.2880833,-0.2732304,1.7569379,1.3924899
0.8250346,0.5969883,1.3220454,-0.4919869,0.46510738,0.0070582866,0.25992903,-0.028323174,1.1885167,0.61756545
-0.4322139,0.75175273,1.3693639,1.1332171,-0.3696868,-0.4673854,0.35856348,0.18248835,3.307177,2.521406
-0.4993931,-0.1708715,1.5505313,-0.7375096,-0.5505874,-0.3205994,0.23053236,-0.04417796,1.3177034,0.679422
-0.36451983,-0.93068826,0.32687736,-1.8934693,-0.8618253,-0.4758523,0.35805413,0.018067027,1.3952153,1.0116459
-0.15113592,-0.9330579,1.1974052,1.4048853,-0.3695629,-0.42428008,0.30056128,0.040783357,0.723445,0.32192093
-0.7353773,0.7941719,1.621755,1.3301797,-0.5957055,0.21893746,-0.2790458,-0.19729595,3.0746412,2.1308913
0.728477,0.8784499,1.9422938,-0.20605339,0.052830826,-0.12070831,-0.3189721,0.07733498,3.772249,2.5175676
-0.64307463,0.21649277,0.9366033,-2.3738883,0.3749697,-0.5841866,-0.22755156,-0.3374043,2.3770335,1.920604
0.7551836,0.6992432,1.9032011,-0.63186115,-0.5765555,-0.0118403435,-0.17457838,0.039290905,4.2373204,3.301751
0.5058236,0.0033483505,1.9941925,-0.8877135,0.5227478,0.66736084,0.21450344,0.051311255,2.8679426,1.9336058
-0.8807187,0.16695607,1.8102608,-2.091555,0.6758522,-0.17138489,-0.11724692,-0.022189284,3.4880383,2.8635364
0.14273334,0.891727,0.04032612,-2.5261395,-0.83601934,0.37627378,-0.28780672,-0.3408501,2.2220097,1.7917012
-0.050626755,-0.9646927,0.24061775,1.9635015,0.4211759,-0.49737543,0.35230985,0.24997821,1.369378,1.0734271
-0.92460334,0.031969547,0.9572673,-0.3351134,0.184183,-0.5131922,0.043541957,0.27034828,1.7052631,1.310854
-0.46439266,-0.14868486,0.5162953,2.7354476,0.5258549,-0.58375627,-0.08968339,0.2045856,2.6095693,2.039159
-0.928491,0.03750515,1.0491935,1.1655872,-0.7298323,-0.03210014,0.13397212,-0.38135764,1.3435407,0.99789286
0.7709509,-0.2857914,0.5913032,0.93381083,0.028800165,0.8208,0.25360724,-0.121652365,1.9636364,1.5382843
0.3825903,-0.035175562,1.0297235,2.523305,-0.6842269,-0.15568389,0.3692405,0.13683577,1.4985646,1.2330147
-0.043584228,-0.8864124,0.49933445,-0.016158855,0.37391323,-0.8182524,-0.04911046,-0.32661968,0.59425837,0.29315194
-0.75430167,0.77530587,1.675337,2.3009057,-0.06583504,-0.034330666,0.021184731,-0.35104162,4.4698567,3.1384268
0.25574875,-0.3252368,0.0021500587,-2.9316206,-0.35427913,0.68704677,0.2258801,0.2545734,2.7129188,2.281517
-0.2505399,0.33361876,0.86705256,1.002689,0.7796683,-0.06662961,-0.12562637,-0.12954354,1.9377991,1.6548197
0.3173182,-0.73591924,0.56005704,-2.3090324,0.8054695,-0.5611565,0.06812363,-0.39427444,1.3177034,0.8611818
-0.16434467,-0.4710567,0.6916598,-1.6773189,0.60318655,0.08255828,0.31770125,0.3262281,3.1779904,2.5324168
-0.8515029,0.64649916,1.961808,-2.7508774,-0.1918894,-0.7196316,0.33167335,0.33566245,3.5138757,2.4038172
0.23568797,0.79590905,1.7531209,2.5204575,0.4418937,-0.6022568,-0.01345954,0.32901952,3.9789474,3.072888
0.1475141,0.5641329,0.3522054,-2.984317,0.8830417,-0.68591815,0.36067396,0.084830046,3.539713,2.7494116
-0.65395725,-0.9526614,0.3224224,0.5368161,0.45598903,-0.36298257,0.02238307,0.06882868,1.9636364,1.4267732
-0.28988528,0.7167089,0.15561926,2.186952,-0.25018412,-0.12226453,-0.31754002,0.296369,1.6019139,1.2875061
-0.2587303,-0.12675321,1.17449,-0.7674829,0.0063886996,-0.35221383,-0.22604923,-0.017062187,0.82679427,0.32600576
-0.45898628,0.93229234,0.23673987,-0.10245239,-0.15336956,0.1016687,-0.3881002,0.08469596,1.4210527,1.0928987
-0.01959467,-0.59813905,1.0612291,2.7217014,0.5629501,0.5271041,-0.22611766,-0.08097954,2.170335,1.8225313
0.5192094,0.08523989,1.7409583,-2.719498,0.7725253,0.77757347,-0.023995925,-0.25989595,3.1263158,2.3548133
-0.09999335,-0.94800687,0.6206881,1.3247257,-0.2477241,0.047083497,0.33406693,0.27904412,1.5244019,1.2729102
-0.8834107,-0.25822258,1.5198451,-1.4995842,-0.43482363,0.40904588,-0.19849244,0.31303215,3.4363637,2.7153769
-0.18807864,0.6745839,0.17935646,1.2531391,0.16514446,0.7217248,0.15711288,-0.1430233,0.7492823,0.5018223
-0.6418859,-0.08434975,1.4783945,2.6162214,0.34035867,-0.56659377,0.05510173,0.060697127,3.9014354,3.0296128
0.08148205,0.23804986,1.0121101,1.3208148,0.7948591,-0.18807788,-0.05139165,-0.37802872,2.50622,2.0871627
0.20901394,0.4416778,1.9187012,1.4774812,-0.15089239,-0.16643761,-0.010971022,-0.003776741,3.3330145,2.2723837
0.01507175,0.79764056,1.880258,0.83112514,-0.7289672,0.39364108,0.3227655,-0.16748272,3.4880383,2.4888878
0.7995223,-0.4386313,1.3772486,0.08353904,-0.261345,0.0127959605,0.17031637,-0.24988213,3.3330145,2.2739534
-0.8769069,-0.50612867,1.5049821,-2.3609505,-0.4726684,0.43071792,0.3409155,0.20237756,4.3923445,3.3632495
-0.23291099,-0.9378108,0.68079436,-0.08411166,0.36090913,-0.40445212,-0.033587646,0.3718996,1.2918661,1.0443633
0.6524844,0.8841603,0.50208783,2.0724056,0.25364384,-0.6861715,-0.20841484,-0.030841827,4.1598086,3.3088024
-0.24614692,0.32125592,0.67133915,1.906184,-0.04368825,0.120007716,0.3583767,0.24854007,1.3952153,0.7730107
-0.21638691,-0.3194549,1.315682,-0.01976311,-0.76223004,0.010515439,-0.2503902,0.31116375,2.89378,2.19585
-0.09476483,-0.55408585,0.8806623,-2.4494417,0.18606323,0.37386024,-0.14018245,-0.11889491,2.5320575,1.9900086
0.18837214,-0.7134049,1.0019296,2.1148462,-0.54980904,-0.6446273,0.19788031,0.28659636,0.9818182,0.6523564
-0.8649392,-0.059981823,0.22828269,1.6026175,0.37721524,-0.5317402,0.3440443,-0.10120821,3.3588517,2.7755957
-0.4733969,0.07730985,0.8105272,-0.17294061,0.094955236,0.20839357,-0.3348925,0.3153657,0.82679427,0.5198288
-0.78131485,0.48357224,0.48931968,2.7598805,0.6512003,-0.4411829,0.14816642,-0.34597215,5.141627,3.9477077
-0.8704816,0.55884385,0.65876853,1.7634331,0.8370063,0.41750515,-0.22946282,0.1668117,3.1779904,2.237626
-0.97938645,-0.6776457,1.3612363,0.55923223,-0.55226284,0.5738661,0.3032353,-0.23233977,2.015311,1.5210291
0.89976776,-0.28231883,1.0876242,1.7782141,0.190716,0.3245257,0.06771274,-0.015999079,1.2660288,0.894438
0.16910958,-0.16391313,1.4101645,-2.3197107,0.077420995,-0.0131869195,0.0859458,-0.016812896,2.2736843,1.205533
-0.965134,0.39876962,1.290214,1.5049059,-0.16739301,-0.8954914,-0.06541043,0.27913457,3.772249,3.046456
-0.42642677,0.021640897,1.0869942,2.3616111,0.7447863,-0.7143851,-0.027173758,0.07525702,4.0047846,3.1771145
-0.85071564,0.85148454,1.0885379,-2.01568,-0.05394952,0.1385361,0.1986598,0.37440634,2.015311,1.6619668
0.80487597,-0.2347846,0.8541144,0.975529,-0.8874936,-0.20488718,0.21071354,0.233072,3.539713,2.9609122
-0.06183827,-0.54313767,0.9131082,-3.0553117,0.47263998,0.38773927,-0.08918052,0.34543014,3.4363637,2.6501741
-0.0992105,0.64449394,0.83597136,2.3083622,0.004427683,-0.48042783,-0.20172314,0.06251278,2.9454546,2.3358805
-0.9177711,0.19177496,0.44627547,0.14167301,-0.6219096,0.073404655,-0.38974434,-0.27447963,0.69760764,0.37208638
0.8977263,0.8636037,0.33871424,-1.3793904,0.81545675,0.1171767,0.27846155,0.06276002,1.0593301,0.51346743
0.70972466,0.7398205,1.1485015,-0.9658866,-0.4325754,0.68769896,-0.3036839,0.0513196,3.384689,2.7869847
0.725924,0.14112389,0.14491296,-0.14716928,0.7309839,-0.8455239,0.15485983,-0.08008599,1.7569379,0.84658104
-0.76012444,-0.12329066,0.9315789,0.6074519,-0.7746422,-0.68754727,-0.23964234,-0.31509534,2.3253589,1.7038305
-0.8769158,0.3232441,1.1497465,3.0189953,-0.1806736,-0.6359435,0.15443888,-0.22488837,4.2373204,3.132435
0.7092339,-0.21063817,1.2295303,0.7573124,0.3016732,0.12814865,0.084895566,-0.38636157,1.5244019,1.1325147
-0.36134744,0.91218615,0.7623111,3.038108,-0.37805757,0.6542541,-0.1822577,-0.35686833,1.1626794,0.87303174
0.8757484,-0.13441265,0.44444835,-3.0500228,0.7648479,-0.25001192,0.21436663,-0.17638098,0.54258376,0.26333222
-0.9198898,0.12456167,1.3332655,-1.3993882,-0.6527708,0.24705687,-0.30761376,0.16732664,1.6277512,1.1985949
-0.7152182,-0.79773974,0.40555513,0.68673354,-0.03348298,-0.06029949,0.056984853,-0.06899538,1.4727273,1.1988761
-0.9280106,0.54316616,1.2594411,-2.7137215,0.25110453,-0.20552287,-0.35873157,0.30131373,2.89378,2.0376782
0.8548398,0.6608571,0.79222226,-2.2453432,-0.82547706,0.14705426,0.39159662,0.39436635,2.4545455,2.0483959
0.18707788,-0.7532263,0.45780456,1.2793654,0.043439016,-0.63196295,0.23696886,-0.371538,0.64593303,0.3247357
-0.019137263,-0.30995142,1.2353066,-2.5600371,0.049657773,-0.77927566,-0.0541162,0.17511253,0.80095696,0.45983946
0.30375576,-0.063423395,1.7766331,1.0506144,0.74511874,0.51357895,-0.2615648,0.25693345,1.1110048,0.6999582
-0.19001794,-0.73652864,0.8824059,-2.935396,0.12965852,-0.004704273,-0.34545133,-0.090532735,1.8344498,1.3928282
0.054827094,-0.7071583,0.10325444,-0.10247561,-0.71496683,-0.38932133,-0.35936427,0.3706541,2.89378,2.177771
-0.35207438,0.16341221,0.6935246,-0.969956,0.38295335,-0.7461241,0.08492994,0.021568632,1.6794258,1.2135066
-0.67595196,0.8545474,1.9000587,-2.5625846,0.017147684,0.8356362,-0.32564387,0.23410502,2.89378,2.0170145
-0.91242206,0.3441292,0.25279236,2.6253884,0.38737053,0.66183484,0.35844517,0.069353156,3.8497608,3.0655568
-0.6715237,0.9086026,0.34844673,-0.7562713,0.031249128,0.32693478,0.068817906,0.11764441,1.3435407,0.90203094
-0.22292233,-0.4704647,0.3989569,-0.34550932,0.6647929,-0.6811721,-0.37498298,0.39586613,1.2660288,0.8058627
0.1549077,0.8848139,1.4909717,-0.26605842,0.7553341,0.45330513,-0.029702092,-0.3637552,1.0076555,0.5491147
0.7973684,0.44609237,1.8708705,-1.1922791,-0.67408866,-0.539483,0.13382497,-0.39225706,2.89378,2.3896239
-0.20471537,-0.5585035,0.7538359,-1.6457855,0.54037446,-0.61765295,-0.22083579,0.31911317,1.5244019,1.1229588
0.41990697,-0.8183402,0.40070772,-2.5804691,-0.78088176,0.7451892,-0.26974082,-0.3244051,3.9014354,3.1007648
0.55401814,-0.034175634,1.0599302,2.6802945,0.13984501,0.7886797,0.06928849,0.15048933,1.3177034,0.9377786
-0.8391558,-0.7239679,0.5391737,-3.043204,-0.65446776,-0.08582607,0.18156318,0.16007261,2.170335,1.4861574
0.7707033,-0.6572809,0.7801335,-0.5053864,-0.27250063,0.44468835,-0.10088439,0.004937935,4.34067,3.3345532
-0.1800431,-0.76153255,0.20360136,-0.6819249,0.89940935,-0.65157014,0.20657377,0.34650475,1.9636364,1.5535629
-0.5092101,-0.14500546,0.54119325,1.4487835,0.44171935,-0.20452616,0.23759618,0.07021909,1.8861244,1.5618315
-0.83346725,-0.5821419,1.7315634,2.7175941,0.5290128,-0.49230412,-0.22837882,-0.08866143,4.133971,2.878337
0.9226985,-0.19742715,1.1363288,2.008403,-0.16639513,-0.8276978,0.21534,0.018316794,2.480383,1.9450678
0.11410165,-0.7917168,0.7923558,1.714742,0.37582082,-0.37644845,0.027592374,0.33682495,0.7751196,0.45640606
0.73397624,-0.61712015,0.315521,-0.38495728,-0.8849619,0.6233187,0.24972354,-0.36682034,4.4440193,3.5695841
0.96796656,0.7331773,1.2727654,-1.6404254,-0.6484978,0.66057134,-0.034234382,-0.05699749,2.89378,2.4588306
-0.256889,0.21219802,1.4579358,-2.901648,0.06677445,0.7259635,-0.15839325,-0.033824254,2.2736843,1.6685244
-0.49449205,-0.74110806,0.2556659,-2.6035528,0.24924362,-0.40850234,0.14659838,0.32258487,2.971292,2.1094687
-0.30134857,-0.7057216,1.1377264,-0.734854,-0.3721918,-0.16790746,0.3502681,0.07407942,1.6277512,1.2574602
0.95697486,-0.038654804,1.9820898,-1.679117,0.07530634,0.09275894,0.31266809,-0.17255388,1.8344498,1.465863
-0.396497,0.2565683,0.66905224,-1.6923729,-0.12884076,0.47821993,0.19252172,0.2717966,1.6535885,1.2980443
0.1932919,0.6482216,1.1406637,-1.8077208,0.45868787,-0.5781624,-0.24288206,0.34241423,1.6535885,1.2913952
-0.721503,0.17617285,0.46876717,-0.63955915,-0.14178231,0.4284435,0.33202052,0.2325654,1.1885167,0.7877381
0.76776695,-0.7759434,1.2288859,0.7245962,-0.8413328,0.28597078,-0.15175377,-0.15506029,4.3148327,3.538684
-0.75175893,-0.11862886,0.24424028,0.50557816,0.0739735,-0.27704793,0.2980415,0.046774723,1.44689,1.1505828
-0.067222595,0.41835296,0.694847,0.664956,-0.44924188,0.6844304,-0.01586976,0.2789267,1.1110048,0.7162241
-0.661366,0.776098,0.49619436,1.0870183,-0.09590313,-0.0061739087,-0.2402525,-0.30848098,2.6354067,2.112782
0.88350403,0.7976997,1.9114102,2.1070244,0.2512763,-0.4826005,-0.39791104,0.3294433,3.462201,2.4855347
0.5820453,-0.024966836,1.6610907,0.4528468,0.2355856,0.19665903,-0.18105344,0.17862573,2.0669856,1.5637686
-0.91888463,0.09733975,1.314925,2.5858603,-0.7231717,-0.2923067,-0.3895719,0.24051042,1.2660288,0.42837036
-0.72158647,0.10763979,1.890179,-2.7196245,-0.074950464,0.34247935,-0.14130025,0.30360958,3.617225,2.6681967
0.5639943,0.14831877,1.4104549,-2.5693834,-0.7463905,-0.55161947,-0.3169,-0.0187819,2.1444976,1.6889935
0.69353676,0.9316158,0.35252738,2.760668,-0.07990247,0.68465585,-0.1521411,0.009130192,1.2918661,0.7368715
-0.96271443,-0.77972555,0.4695121,-0.5613014,0.8342275,0.0077755093,0.37040517,0.09766512,3.7205741,2.9456296
-0.19077325,-0.6861073,1.8205919,1.5027249,-0.50977206,-0.8571407,-0.16393332,0.2201749,1.8086125,1.2133961
-0.7932317,0.57063854,0.8666898,1.0082314,0.8574175,-0.5915415,0.36680588,-0.33662993,4.5990434,3.75166
0.06313276,-0.6770661,1.9844949,-0.035370693,-0.5662097,-0.8037336,-0.31959936,-0.23270874,4.5990434,3.2758813
-0.15781784,-0.6343968,0.080430865,1.7978795,-0.28819478,0.52564925,0.053859998,-0.26108456,1.7569379,1.4013076
0.16124141,-0.66817224,0.051896095,0.25528422,0.28438798,-0.63679826,-0.06996961,0.08730378,0.3617225,0.12628183
-0.92600346,0.32138252,1.7845182,1.7688518,-0.014161205,0.7527747,-0.2467074,-0.3774819,1.8861244,1.3782927
-0.08820236,-0.92293763,0.018794894,2.012269,0.4233397,0.30832195,0.21795931,-0.08313861,2.3511963,1.8705943
0.8716003,-0.13388312,0.25682306,0.61251336,0.8960272,0.7165094,0.29539442,-0.031425714,1.3177034,0.88042647
0.92669773,0.23531902,1.9241042,1.9220634,0.6067818,0.39236403,-0.23529688,-0.30462104,1.5502392,1.1163104
-0.43285894,0.22956836,0.5355481,0.7542141,0.39418525,0.8160508,0.07025104,0.26363578,1.5244019,0.9660327
-0.1876843,0.7793046,1.4173597,0.5024192,0.086189136,0.63158315,-0.22557841,-0.39729604,1.44689,1.1390349
-0.37827837,0.87711287,0.70813525,2.5818665,-0.3824126,-0.48712948,-0.2116189,-0.23391299,3.8497608,3.1056435
-0.15909219,-0.48589325,0.3035741,1.4693147,0.7248686,-0.3069064,0.21846008,-0.07111006,1.7052631,1.2936482
0.9301909,-0.2085805,1.6410716,-1.105228,0.8461372,-0.7399857,-0.085819535,0.0368495,0.7751196,0.37614134
-0.51360476,0.7614236,0.72169197,0.52591234,-0.0768131,0.47211307,-0.04636326,0.27073655,0.9559809,0.42959172
-0.529786,0.17491686,0.1255132,-1.7848552,0.82142276,-0.12792023,0.006672144,-0.2001444,2.6095693,2.1517785
-0.20653641,0.14538085,0.9467541,1.9179438,0.6648048,-0.092199534,0.19380513,0.37255007,2.2995214,1.7707486
-0.95472264,0.67842376,1.5850922,2.724796,0.3111339,0.28681386,0.043605566,-0.32027736,4.754067,3.2692246
-0.03504002,-0.90019584,1.3194214,-2.2794344,-0.018667102,0.83719754,-0.22104135,-0.22883558,4.4440193,3.3358335
0.51963496,-0.8349196,0.036480904,-2.9072914,0.26090714,0.119252086,0.18942581,0.28997168,2.5837321,2.1599956
-0.8059329,0.3371396,1.6732118,1.3604915,-0.77395505,-0.23679206,0.2310205,-0.36194888,3.462201,2.6582417
-0.95943904,-0.92841935,1.9667374,-1.0361809,0.3473676,-0.2074723,-0.3932968,0.310863,3.229665,2.2884982
0.1853466,-0.8935424,1.9522439,2.7707675,0.4878512,0.4774347,-0.00602541,-0.27550694,2.3770335,1.9409429
0.9422904,-0.85834336,1.0023952,0.82405895,-0.5875354,-0.18637414,0.17145243,-0.09675069,3.3588517,2.6599636
0.3615141,-0.90528464,0.4923644,-1.4978858,0.045270216,0.20268154,0.037118863,-0.34983572,2.428708,1.8446524
0.39552534,0.9219521,0.85898435,-2.145178,0.6551495,0.47257861,-0.3240923,0.031970646,0.69760764,0.42124194
-0.08990502,-0.7182237,1.8168274,-0.99727815,-0.520822,0.44565576,0.3675581,-0.26158103,3.7464116,2.8662806
-0.11731291,-0.85353243,1.7837617,-1.0981356,-0.8461131,-0.33456138,0.18305226,-0.39619073,2.7129188,1.005858
-0.16404188,-0.45695853,1.3598218,1.9527186,0.39448833,0.74920404,-0.22487088,-0.21537624,1.8344498,1.4979699
-0.029402614,-0.4656043,0.17670715,2.1057534,-0.53831804,-0.1479573,0.24009076,0.25943103,0.87846893,0.61239123
0.6099136,0.05156803,1.0644643,-2.0941448,0.7929849,0.38757995,0.07452073,-0.16524258,1.4727273,1.0839761
0.075777054,0.9162735,1.7760274,2.4569902,0.49110773,0.20995763,0.0632556,-0.357424,4.0564594,3.0165176
0.15828586,0.7483144,1.0802306,1.4646862,-0.08077397,0.576657,0.20736404,-0.3267226,1.7569379,1.3166094
-0.6750314,0.22490835,0.97890115,-3.0188203,0.8183942,-0.079679735,-0.1440248,-0.39422473,4.1081343,3.2426322
-0.26524436,-0.8684777,1.5506934,-2.254784,-0.8031543,-0.5385203,-0.34024063,0.294854,2.0669856,1.3340654
0.74919486,-0.65626895,0.55514956,-2.7221377,-0.64561415,0.15551737,0.25828257,-0.014620257,2.6870813,2.0764391
0.46634078,0.8682678,1.7332608,0.8285103,0.07494253,-0.39556637,0.37571055,0.38901263,3.4363637,2.354159
-0.14518738,0.4655459,1.645076,2.1878088,-0.36511987,0.05948528,0.3360531,-0.1984489,2.7129188,2.0414505
-0.923607,-0.20678902,0.5583111,0.82418215,0.35026675,-0.14740455,-0.27853033,0.2466424,1.8086125,1.3338416
-0.6698029,-0.9812311,0.7652639,-1.8305956,0.7450497,-0.32665947,-0.103321314,0.3786168,4.1598086,3.06634
0.38592052,-0.8008616,0.24468529,-1.7644472,0.34990498,-0.21145494,0.19197278,0.38408062,2.2220097,1.790736
-0.27420473,-0.96170473,1.3504514,-1.4797949,-0.7734112,-0.026686262,0.06355315,-0.21308056,3.0488038,1.9700195
-0.19549942,-0.48560846,1.555324,-0.7630311,-0.51734626,0.037146233,0.11393509,0.30118585,2.9454546,2.3585835
-0.5981275,0.8829044,1.7775775,1.9649557,-0.47817993,-0.3230092,0.33841953,-0.21055965,4.754067,3.3138196
0.6916522,-0.062328815,1.7061256,-1.2420975,0.8150759,-0.6317753,-0.1154893,-0.38703963,0.80095696,0.300969
-0.30861425,0.7581334,0.6280291,0.8676354,0.2815446,-0.6640775,0.010309267,0.35936007,2.89378,2.3608236
-0.22087419,-0.64179945,0.57203996,0.1386646,0.8086246,0.7994649,0.29463887,-0.38806757,2.738756,2.1573963
0.7762337,-0.82889485,1.1624564,0.40464213,0.82205915,0.27259377,-0.16096453,-0.2984808,1.5502392,0.90985316
-0.9192519,0.030910015,1.7519284,2.8351288,0.027414428,-0.6924029,-0.014938593,-0.18164706,4.7799044,3.614378
-0.11679673,0.9571551,1.181405,-0.48160744,0.67495483,-0.14907417,-0.12246676,0.32271144,1.8086125,1.3959895
0.5541072,0.05425358,1.0888944,-0.2716599,-0.4907581,0.0106528755,0.008673906,0.031262305,3.2555025,2.5273876
0.931015,-0.8557255,1.5146705,2.9672549,-0.58253783,-0.6756926,-0.3806947,-0.26606637,2.2478468,1.535975
0.9186331,0.4442054,1.7236953,1.8554127,-0.5782773,-0.80674523,-0.25593576,0.2409946,4.6507177,3.6489573
0.9063252,0.49327707,0.7512156,-2.9406974,0.77420783,-0.69315153,0.21781497,0.37926802,1.7827752,1.3510567
-0.6818274,-0.27573037,0.32076824,1.0617267,0.43705156,0.84380287,0.008255101,0.2353055,2.7129188,2.1907623
0.7734276,0.7163826,1.6462396,1.2423481,-0.8833779,0.37432694,-0.39051795,-0.0839345,5.0382776,3.6816585
-0.21726847,0.96432006,0.36215663,-0.40266022,-0.26861283,-0.7136166,0.2617033,-0.32874972,3.2038279,2.6370602
-0.4309156,0.042161822,0.627275,1.8266008,-0.176524,-0.87864447,-0.36847106,0.3175172,2.015311,1.4858379
-0.67527354,-0.8320422,1.0962092,-0.5381741,-0.08180233,-0.8151616,0.23957792,-0.2828148,0.82679427,0.25692022
0.83865845,-0.16705263,1.2372471,2.7890813,-0.39734834,0.27268472,0.007362795,-0.23442073,1.8086125,1.4771769
-0.020864725,0.33955896,1.0679803,2.3050656,0.7536282,-0.8048589,-0.09201212,0.023843909,4.082297,3.1596775
0.0053938627,0.6935277,0.1686467,-0.728008,0.33293873,-0.1566042,-0.039243985,0.3982311,1.2660288,0.87790716
-0.8868432,-0.043426275,0.4006902,-0.7820351,0.8034056,-0.6228397,-0.33180627,0.21668258,2.5837321,2.1170485
0.026321054,-0.5095706,1.9551657,-1.6700149,-0.3284278,0.32226697,-0.32308093,0.19478904,4.082297,2.883388
0.109479666,-0.43383825,1.7282876,-2.9617507,-0.064168416,-0.8555031,0.3781882,-0.395401,4.3148327,1.7419004
-0.54670644,0.92237246,0.97878695,-2.8963273,0.2818904,-0.19155349,-0.3722627,0.21719761,2.4545455,2.0218053
-0.5180745,-0.23359561,1.3350085,1.9821384,-0.173546,-0.8717614,0.20909224,-0.2138311,3.384689,2.4047194
-0.16259766,0.99909246,0.35985684,-1.9944402,-0.15387511,-0.77583987,-0.24250297,0.37103853,2.6095693,2.1377168
-0.115974426,-0.39783478,0.79896784,2.241249,-0.32646003,-0.34227142,-0.06436944,-0.02784853,0.46507177,0.23109671
-0.9615762,-0.038574934,1.6831702,0.21317914,0.19538444,0.3836693,-0.12796526,0.12657963,1.6019139,1.057167
-0.090084314,-0.4502728,0.30618417,-0.97929096,-0.00985862,0.040978465,0.3711848,0.2285202,1.5760766,1.2629001
0.8719331,0.5439466,0.669477,0.5805024,0.26240963,-0.47188962,-0.160916,0.2026298,3.1263158,2.3523057
0.13418949,-0.45134318,1.1694167,-2.945407,0.47965115,0.21378128,-0.32169262,0.321285,2.50622,1.8973482
-0.27604187,-0.9451281,1.1622902,0.2038116,-0.64812857,-0.7086246,0.0979434,0.035601567,1.44689,1.0533354
0.95871854,-0.432433,1.9149635,-1.2066505,-0.07396556,-0.53222096,-0.110752486,-0.14176717,2.6870813,1.8453724
0.7674118,0.98467314,1.9975168,-2.6062024,0.36647427,0.691926,-0.08399954,-0.034334995,0.9559809,0.61672616
0.08793163,-0.7933831,1.3137381,-2.2221696,0.23857369,-0.34951693,-0.004120398,0.3988493,2.738756,2.0662112
0.52458036,0.06874633,0.8610401,-0.06953622,0.87424517,-0.1290061,-0.377218,0.017928982,0.62009573,0.37290233
-0.26671875,-0.06171596,0.5863342,-1.4174713,-0.38412935,0.440211,0.123784356,-0.0217803,1.4985646,1.1325878
0.3217224,0.25960648,0.32882273,2.0798686,-0.74219286,-0.06983528,-0.09678431,-0.13366543,2.2220097,1.8087451
-0.078780055,0.38217592,1.3568494,-1.8580167,-0.69920903,-0.1637421,0.1381071,-0.11802311,2.9196172,0.8354715
0.5798272,-0.13885319,1.1910893,2.2259676,-0.58437675,0.54471684,0.05774293,-0.26606956,1.8344498,1.394891
0.83682585,0.9744853,0.035874248,-2.168701,0.6603427,-0.69620174,-0.12523603,-0.34289417,3.462201,2.7009273
-0.4186598,0.11580598,0.5918318,-1.05418,-0.6769271,-0.21580645,-0.17025538,-0.04259181,0.85263157,0.65541303
0.21841228,0.99951375,0.56254613,-2.657532,0.8339062,-0.17478174,-0.005959177,-0.20311618,2.5578947,2.157493
0.09007442,0.56015503,1.056214,2.823049,-0.569164,-0.079080425,0.33638674,-0.075549416,1.7569379,1.385009
0.9214076,-0.5490663,1.6393956,0.79992193,0.8687989,0.5798052,-0.21965933,0.2950661,1.6277512,0.97368556
-0.8522744,-0.07091081,0.9435644,-2.6137059,-0.50513184,0.26986918,-0.3406531,-0.20068923,1.1626794,0.7459472
-0.10161579,0.8144344,0.475353,-0.28314567,-0.76049745,-0.16155063,0.032133102,0.0072250366,2.428708,1.9852823
